[{"model": "contenttypes.contenttype", "pk": 1, "fields": {"app_label": "admin", "model": "logentry"}}, {"model": "contenttypes.contenttype", "pk": 2, "fields": {"app_label": "auth", "model": "permission"}}, {"model": "contenttypes.contenttype", "pk": 3, "fields": {"app_label": "auth", "model": "group"}}, {"model": "contenttypes.contenttype", "pk": 4, "fields": {"app_label": "auth", "model": "user"}}, {"model": "contenttypes.contenttype", "pk": 5, "fields": {"app_label": "contenttypes", "model": "contenttype"}}, {"model": "contenttypes.contenttype", "pk": 6, "fields": {"app_label": "sessions", "model": "session"}}, {"model": "contenttypes.contenttype", "pk": 7, "fields": {"app_label": "nitortest", "model": "profile"}}, {"model": "contenttypes.contenttype", "pk": 8, "fields": {"app_label": "nitortest", "model": "question"}}, {"model": "contenttypes.contenttype", "pk": 9, "fields": {"app_label": "nitortest", "model": "questionpaper"}}, {"model": "contenttypes.contenttype", "pk": 10, "fields": {"app_label": "nitortest", "model": "candidatestatus"}}, {"model": "sessions.session", "pk": "00wfk3b8zp7ilqhevgctvgyin2abm3sp", "fields": {"session_data": "MmQ3YmNjZDQ3N2IwMjAwMmI2YTc4ZjhlMjk0ZDJmOWQzMTA1OTkzMjp7Il9hdXRoX3VzZXJfaWQiOiI1MSIsIl9hdXRoX3VzZXJfYmFja2VuZCI6ImRqYW5nby5jb250cmliLmF1dGguYmFja2VuZHMuTW9kZWxCYWNrZW5kIiwiX2F1dGhfdXNlcl9oYXNoIjoiMjM1ZDVjZWMxYWZkYTg3ZTc0Njc3YzJmMWNmZTc0MTViYzNiZDlhYSIsIl9zZXNzaW9uX2luaXRfdGltZXN0YW1wXyI6MTU1NzgzMjQ5My44NTIyMDM4fQ==", "expire_date": "2019-05-28T11:14:53.948Z"}}, {"model": "sessions.session", "pk": "0potheso4ll8oob1j9uyhhf8diob7dko", "fields": {"session_data": "ZDhjNjIxMDk4NjU1Yzg5NGU2MDA1NGRmNzcyMTcwNjQxN2QyNmE3MDp7Il9hdXRoX3VzZXJfaWQiOiI1MSIsIl9hdXRoX3VzZXJfYmFja2VuZCI6ImRqYW5nby5jb250cmliLmF1dGguYmFja2VuZHMuTW9kZWxCYWNrZW5kIiwiX2F1dGhfdXNlcl9oYXNoIjoiMjM1ZDVjZWMxYWZkYTg3ZTc0Njc3YzJmMWNmZTc0MTViYzNiZDlhYSIsIl9zZXNzaW9uX2luaXRfdGltZXN0YW1wXyI6MTU1NDA5Njk1MS44Mzc3NDM1fQ==", "expire_date": "2019-04-15T05:35:51.884Z"}}, {"model": "sessions.session", "pk": "0rq21gutt7ottqrd2l5fuzmohwv6xo2y", "fields": {"session_data": "MWEwM2I4ZTVkMTZkNDZhYjRhOTMzMTgzZmY3NzUyN2JjODE1MDlmYjp7Il9hdXRoX3VzZXJfaWQiOiI1MSIsIl9hdXRoX3VzZXJfYmFja2VuZCI6ImRqYW5nby5jb250cmliLmF1dGguYmFja2VuZHMuTW9kZWxCYWNrZW5kIiwiX2F1dGhfdXNlcl9oYXNoIjoiMjM1ZDVjZWMxYWZkYTg3ZTc0Njc3YzJmMWNmZTc0MTViYzNiZDlhYSIsIl9zZXNzaW9uX2luaXRfdGltZXN0YW1wXyI6MTU1NDA5ODc4Ni4yODEzNjN9", "expire_date": "2019-04-15T06:06:26.311Z"}}, {"model": "sessions.session", "pk": "13wiet63w3r9s2py665gw4tx3bedroco", "fields": {"session_data": "NDhlMzg4NGE4YzY3M2VjMGNiMzI4YTE4ZWIyMmIzOTkzOWZjZmRhYjp7Il9hdXRoX3VzZXJfaWQiOiIxIiwiX2F1dGhfdXNlcl9iYWNrZW5kIjoiZGphbmdvLmNvbnRyaWIuYXV0aC5iYWNrZW5kcy5Nb2RlbEJhY2tlbmQiLCJfYXV0aF91c2VyX2hhc2giOiJmNDJhOGJmMmI1ZWRhNTdiZWY2ZDI1ZmRhNTdjN2ZlZDRlMzQ3MmUwIiwiX3Nlc3Npb25faW5pdF90aW1lc3RhbXBfIjoxNTU3NzUwOTE3Ljc1NTAxODd9", "expire_date": "2019-05-27T12:35:18.426Z"}}, {"model": "sessions.session", "pk": "18cmjw8qvq9myo7htaubn640pq4wa46v", "fields": {"session_data": "OGVhNjc0ZDUxNmVkZGQ5YzQ2YmM2ZTQzZjAxNzUxZGM3YTM1YmRjNzp7Il9hdXRoX3VzZXJfaWQiOiI1MSIsIl9hdXRoX3VzZXJfYmFja2VuZCI6ImRqYW5nby5jb250cmliLmF1dGguYmFja2VuZHMuTW9kZWxCYWNrZW5kIiwiX2F1dGhfdXNlcl9oYXNoIjoiMjM1ZDVjZWMxYWZkYTg3ZTc0Njc3YzJmMWNmZTc0MTViYzNiZDlhYSIsIl9zZXNzaW9uX2luaXRfdGltZXN0YW1wXyI6MTU1Mzg1Mzg3MC42MDAzNjM1fQ==", "expire_date": "2019-04-12T10:04:30.623Z"}}, {"model": "sessions.session", "pk": "1inf8d24dwa3fbaqgn3ycogdmop7pfix", "fields": {"session_data": "MzNhOTYxMjIzMTMxMWM1Yzg3MDY2N2NiMjE4MzYwMjlhZGFiZWJlNDp7Il9hdXRoX3VzZXJfaWQiOiIxIiwiX2F1dGhfdXNlcl9iYWNrZW5kIjoiZGphbmdvLmNvbnRyaWIuYXV0aC5iYWNrZW5kcy5Nb2RlbEJhY2tlbmQiLCJfYXV0aF91c2VyX2hhc2giOiJmNDJhOGJmMmI1ZWRhNTdiZWY2ZDI1ZmRhNTdjN2ZlZDRlMzQ3MmUwIiwiX3Nlc3Npb25faW5pdF90aW1lc3RhbXBfIjoxNTU4MDgyMTA1LjQ5NTczNjR9", "expire_date": "2019-05-31T08:35:05.501Z"}}, {"model": "sessions.session", "pk": "1iqcs2wk812x42it86a9pp58as5xz2kw", "fields": {"session_data": "ZWJiYmFkMTZkYzIzOTBlNDBhNzQ1YzI0OTRkODJkMmE5ZTI3NWMwZjp7Il9hdXRoX3VzZXJfaWQiOiIxIiwiX2F1dGhfdXNlcl9iYWNrZW5kIjoiZGphbmdvLmNvbnRyaWIuYXV0aC5iYWNrZW5kcy5Nb2RlbEJhY2tlbmQiLCJfYXV0aF91c2VyX2hhc2giOiJmNDJhOGJmMmI1ZWRhNTdiZWY2ZDI1ZmRhNTdjN2ZlZDRlMzQ3MmUwIn0=", "expire_date": "2019-05-17T11:01:56.150Z"}}, {"model": "sessions.session", "pk": "2illxz0b106bhqyajn4fg57315egthh2", "fields": {"session_data": "MTRmZGIwODVmNDcyYmEwZTNmOTRiZTU0MzgzMzgwYWE5ZmU1YmVmMjp7Il9hdXRoX3VzZXJfaWQiOiI1MSIsIl9hdXRoX3VzZXJfYmFja2VuZCI6ImRqYW5nby5jb250cmliLmF1dGguYmFja2VuZHMuTW9kZWxCYWNrZW5kIiwiX2F1dGhfdXNlcl9oYXNoIjoiMjM1ZDVjZWMxYWZkYTg3ZTc0Njc3YzJmMWNmZTc0MTViYzNiZDlhYSIsIl9zZXNzaW9uX2luaXRfdGltZXN0YW1wXyI6MTU1NzczMTYyOC41ODUxMTE5fQ==", "expire_date": "2019-05-27T07:13:48.626Z"}}, {"model": "sessions.session", "pk": "2pk61wu3ic2qpfv2j8y295zbcjg22ekg", "fields": {"session_data": "ZWJiYmFkMTZkYzIzOTBlNDBhNzQ1YzI0OTRkODJkMmE5ZTI3NWMwZjp7Il9hdXRoX3VzZXJfaWQiOiIxIiwiX2F1dGhfdXNlcl9iYWNrZW5kIjoiZGphbmdvLmNvbnRyaWIuYXV0aC5iYWNrZW5kcy5Nb2RlbEJhY2tlbmQiLCJfYXV0aF91c2VyX2hhc2giOiJmNDJhOGJmMmI1ZWRhNTdiZWY2ZDI1ZmRhNTdjN2ZlZDRlMzQ3MmUwIn0=", "expire_date": "2019-05-20T05:08:56.393Z"}}, {"model": "sessions.session", "pk": "3q2rdofu98xxilck5y7fmuu8sj51r6o8", "fields": {"session_data": "MDBhMzkwYjBjN2M1Mjc0NWMzNjE1YmRlNGRiNzU1ODRjZjc2MjFjMjp7Il9hdXRoX3VzZXJfaWQiOiI1MSIsIl9hdXRoX3VzZXJfYmFja2VuZCI6ImRqYW5nby5jb250cmliLmF1dGguYmFja2VuZHMuTW9kZWxCYWNrZW5kIiwiX2F1dGhfdXNlcl9oYXNoIjoiMjM1ZDVjZWMxYWZkYTg3ZTc0Njc3YzJmMWNmZTc0MTViYzNiZDlhYSIsIl9zZXNzaW9uX2luaXRfdGltZXN0YW1wXyI6MTU1NDA5OTA2NC4xMjk4NTN9", "expire_date": "2019-04-15T06:11:04.150Z"}}, {"model": "sessions.session", "pk": "3x19at0hog27frmzk8qj735mmgc5nj1y", "fields": {"session_data": "ZWJiYmFkMTZkYzIzOTBlNDBhNzQ1YzI0OTRkODJkMmE5ZTI3NWMwZjp7Il9hdXRoX3VzZXJfaWQiOiIxIiwiX2F1dGhfdXNlcl9iYWNrZW5kIjoiZGphbmdvLmNvbnRyaWIuYXV0aC5iYWNrZW5kcy5Nb2RlbEJhY2tlbmQiLCJfYXV0aF91c2VyX2hhc2giOiJmNDJhOGJmMmI1ZWRhNTdiZWY2ZDI1ZmRhNTdjN2ZlZDRlMzQ3MmUwIn0=", "expire_date": "2019-05-14T06:36:21.146Z"}}, {"model": "sessions.session", "pk": "5krs9bsw5ct1a4keqonhr0875gmgdhku", "fields": {"session_data": "ZWJiYmFkMTZkYzIzOTBlNDBhNzQ1YzI0OTRkODJkMmE5ZTI3NWMwZjp7Il9hdXRoX3VzZXJfaWQiOiIxIiwiX2F1dGhfdXNlcl9iYWNrZW5kIjoiZGphbmdvLmNvbnRyaWIuYXV0aC5iYWNrZW5kcy5Nb2RlbEJhY2tlbmQiLCJfYXV0aF91c2VyX2hhc2giOiJmNDJhOGJmMmI1ZWRhNTdiZWY2ZDI1ZmRhNTdjN2ZlZDRlMzQ3MmUwIn0=", "expire_date": "2019-05-14T04:31:47.608Z"}}, {"model": "sessions.session", "pk": "a8cksrv3rxz7fqfkih4247mtdzwjrn35", "fields": {"session_data": "NGIyNGFkODdhMGU3Y2NjZjIxZjI4N2I0ODNiZTEyMzc4NWU1NjI5NTp7Il9hdXRoX3VzZXJfaWQiOiI1MSIsIl9hdXRoX3VzZXJfYmFja2VuZCI6ImRqYW5nby5jb250cmliLmF1dGguYmFja2VuZHMuTW9kZWxCYWNrZW5kIiwiX2F1dGhfdXNlcl9oYXNoIjoiMjM1ZDVjZWMxYWZkYTg3ZTc0Njc3YzJmMWNmZTc0MTViYzNiZDlhYSIsIl9zZXNzaW9uX2luaXRfdGltZXN0YW1wXyI6MTU1Mzg2MTU5Ni4xNjU3NjUzfQ==", "expire_date": "2019-04-12T12:13:16.185Z"}}, {"model": "sessions.session", "pk": "cz9mr7ba26wrh99eg69k3wgoxxti98m7", "fields": {"session_data": "ZWJiYmFkMTZkYzIzOTBlNDBhNzQ1YzI0OTRkODJkMmE5ZTI3NWMwZjp7Il9hdXRoX3VzZXJfaWQiOiIxIiwiX2F1dGhfdXNlcl9iYWNrZW5kIjoiZGphbmdvLmNvbnRyaWIuYXV0aC5iYWNrZW5kcy5Nb2RlbEJhY2tlbmQiLCJfYXV0aF91c2VyX2hhc2giOiJmNDJhOGJmMmI1ZWRhNTdiZWY2ZDI1ZmRhNTdjN2ZlZDRlMzQ3MmUwIn0=", "expire_date": "2019-05-14T04:31:48.453Z"}}, {"model": "sessions.session", "pk": "fqjwj9m6onllo8czf627ilk5aikfctiz", "fields": {"session_data": "ZTE2Y2RiNDZiMmZkYmMwZWY4M2E5YmY3MjFjYzBlNTgxNDc4MTEyZjp7Il9hdXRoX3VzZXJfaWQiOiI1MSIsIl9hdXRoX3VzZXJfYmFja2VuZCI6ImRqYW5nby5jb250cmliLmF1dGguYmFja2VuZHMuTW9kZWxCYWNrZW5kIiwiX2F1dGhfdXNlcl9oYXNoIjoiMjM1ZDVjZWMxYWZkYTg3ZTc0Njc3YzJmMWNmZTc0MTViYzNiZDlhYSIsIl9zZXNzaW9uX2luaXRfdGltZXN0YW1wXyI6MTU1Nzk4MzI5Ni4xMjIyNzU2fQ==", "expire_date": "2019-05-30T05:08:16.269Z"}}, {"model": "sessions.session", "pk": "hc8gnasbzi0r094jhycfsah2ruimenj6", "fields": {"session_data": "NTcyNWExMjg1OWY2OWNkMDQzNTM3NDY4ZmI4NzIzMDRjMTZmMDdjMjp7Il9hdXRoX3VzZXJfaWQiOiI1MSIsIl9hdXRoX3VzZXJfYmFja2VuZCI6ImRqYW5nby5jb250cmliLmF1dGguYmFja2VuZHMuTW9kZWxCYWNrZW5kIiwiX2F1dGhfdXNlcl9oYXNoIjoiMjM1ZDVjZWMxYWZkYTg3ZTc0Njc3YzJmMWNmZTc0MTViYzNiZDlhYSIsIl9zZXNzaW9uX2luaXRfdGltZXN0YW1wXyI6MTU1ODA4MjYzNi44MTQyMjksImN1cnJlbnRwYWdlIjo1fQ==", "expire_date": "2019-05-31T08:43:56.846Z"}}, {"model": "sessions.session", "pk": "ig9lz4ozuenkahfsbcl5eszxpy0xo5we", "fields": {"session_data": "YjM4NDE1NmQ4YzJmZThhMTQxNWY1NWZhNmFkODg2ZGNhOGE2MzJlZjp7Il9hdXRoX3VzZXJfaWQiOiI1MSIsIl9hdXRoX3VzZXJfYmFja2VuZCI6ImRqYW5nby5jb250cmliLmF1dGguYmFja2VuZHMuTW9kZWxCYWNrZW5kIiwiX2F1dGhfdXNlcl9oYXNoIjoiMjM1ZDVjZWMxYWZkYTg3ZTc0Njc3YzJmMWNmZTc0MTViYzNiZDlhYSIsIl9zZXNzaW9uX2luaXRfdGltZXN0YW1wXyI6MTU1Mzg1MzE2OC4zMzA2NTJ9", "expire_date": "2019-04-12T09:52:48.353Z"}}, {"model": "sessions.session", "pk": "jgaqtpet2ai9akbrbn3xmj1h0vfhtxkg", "fields": {"session_data": "ZWJiYmFkMTZkYzIzOTBlNDBhNzQ1YzI0OTRkODJkMmE5ZTI3NWMwZjp7Il9hdXRoX3VzZXJfaWQiOiIxIiwiX2F1dGhfdXNlcl9iYWNrZW5kIjoiZGphbmdvLmNvbnRyaWIuYXV0aC5iYWNrZW5kcy5Nb2RlbEJhY2tlbmQiLCJfYXV0aF91c2VyX2hhc2giOiJmNDJhOGJmMmI1ZWRhNTdiZWY2ZDI1ZmRhNTdjN2ZlZDRlMzQ3MmUwIn0=", "expire_date": "2019-05-13T12:12:52.940Z"}}, {"model": "sessions.session", "pk": "k4im2j5pc060hfyzigbqj2nqzzzrb465", "fields": {"session_data": "Y2NiMjNjNTMwZTA3NGJjMzU1MzNhZTY0OTBhMzJhOWNkNDJmZmJjMjp7Il9hdXRoX3VzZXJfaWQiOiI1MSIsIl9hdXRoX3VzZXJfYmFja2VuZCI6ImRqYW5nby5jb250cmliLmF1dGguYmFja2VuZHMuTW9kZWxCYWNrZW5kIiwiX2F1dGhfdXNlcl9oYXNoIjoiMjM1ZDVjZWMxYWZkYTg3ZTc0Njc3YzJmMWNmZTc0MTViYzNiZDlhYSIsIl9zZXNzaW9uX2luaXRfdGltZXN0YW1wXyI6MTU1Mzg1MjA5MC4zMDY0ODc4fQ==", "expire_date": "2019-04-12T09:34:50.328Z"}}, {"model": "sessions.session", "pk": "k8g8rsv5ttq305fnbn2v7mr3izpck0rt", "fields": {"session_data": "ZWJiYmFkMTZkYzIzOTBlNDBhNzQ1YzI0OTRkODJkMmE5ZTI3NWMwZjp7Il9hdXRoX3VzZXJfaWQiOiIxIiwiX2F1dGhfdXNlcl9iYWNrZW5kIjoiZGphbmdvLmNvbnRyaWIuYXV0aC5iYWNrZW5kcy5Nb2RlbEJhY2tlbmQiLCJfYXV0aF91c2VyX2hhc2giOiJmNDJhOGJmMmI1ZWRhNTdiZWY2ZDI1ZmRhNTdjN2ZlZDRlMzQ3MmUwIn0=", "expire_date": "2019-05-08T04:41:01.455Z"}}, {"model": "sessions.session", "pk": "lko0v1gafj011zo68b42l62f56fdgcqp", "fields": {"session_data": "N2U0OTVjM2Q2NjIxMzE5MmYzNDZhMWRkYWZhZDNlYTI2ZDE3ZGMwZjp7Il9hdXRoX3VzZXJfaWQiOiI1MSIsIl9hdXRoX3VzZXJfYmFja2VuZCI6ImRqYW5nby5jb250cmliLmF1dGguYmFja2VuZHMuTW9kZWxCYWNrZW5kIiwiX2F1dGhfdXNlcl9oYXNoIjoiMjM1ZDVjZWMxYWZkYTg3ZTc0Njc3YzJmMWNmZTc0MTViYzNiZDlhYSIsIl9zZXNzaW9uX2luaXRfdGltZXN0YW1wXyI6MTU1NzkyMDIyMS4xOTg0NTQ5LCJ0ZXN0aWQiOiIzNCIsImN1cnJlbnRwYWdlIjozfQ==", "expire_date": "2019-05-29T11:37:01.302Z"}}, {"model": "sessions.session", "pk": "lr5nt7z4b50dy1hbnli20oel310r8nzn", "fields": {"session_data": "Nzk2MTI1MWUwYWU0NmM1ZmZhYzNhN2EyMDQzZTZiNDIwODFlM2FjNDp7Il9hdXRoX3VzZXJfaWQiOiI1MSIsIl9hdXRoX3VzZXJfYmFja2VuZCI6ImRqYW5nby5jb250cmliLmF1dGguYmFja2VuZHMuTW9kZWxCYWNrZW5kIiwiX2F1dGhfdXNlcl9oYXNoIjoiMjM1ZDVjZWMxYWZkYTg3ZTc0Njc3YzJmMWNmZTc0MTViYzNiZDlhYSIsIl9zZXNzaW9uX2luaXRfdGltZXN0YW1wXyI6MTU1ODM0MTYyNS4yMzU2NjQ0fQ==", "expire_date": "2019-06-03T08:40:25.303Z"}}, {"model": "sessions.session", "pk": "ncw5nx811f5tawq6k4raj99vcw7358y5", "fields": {"session_data": "ODZhYTJjMTI5Y2I0ZDUwNDU1NTcwNmNlMDQ1ODg3ZjJkMWVhMTBmMTp7Il9hdXRoX3VzZXJfaWQiOiI1MSIsIl9hdXRoX3VzZXJfYmFja2VuZCI6ImRqYW5nby5jb250cmliLmF1dGguYmFja2VuZHMuTW9kZWxCYWNrZW5kIiwiX2F1dGhfdXNlcl9oYXNoIjoiMjM1ZDVjZWMxYWZkYTg3ZTc0Njc3YzJmMWNmZTc0MTViYzNiZDlhYSIsIl9zZXNzaW9uX2luaXRfdGltZXN0YW1wXyI6MTU1NDM3NjY0MS4wMTgxMTcyfQ==", "expire_date": "2019-04-18T11:17:21.091Z"}}, {"model": "sessions.session", "pk": "o3f3qh301zk1i2futxzj0e7gh1qybcj5", "fields": {"session_data": "YjUwOGZjZTQwMjEwYjRmNmZlNDZhOWFlOWI5NzI5NmIyMzI2NWRmMTp7Il9hdXRoX3VzZXJfaWQiOiI1MSIsIl9hdXRoX3VzZXJfYmFja2VuZCI6ImRqYW5nby5jb250cmliLmF1dGguYmFja2VuZHMuTW9kZWxCYWNrZW5kIiwiX2F1dGhfdXNlcl9oYXNoIjoiMjM1ZDVjZWMxYWZkYTg3ZTc0Njc3YzJmMWNmZTc0MTViYzNiZDlhYSIsIl9zZXNzaW9uX2luaXRfdGltZXN0YW1wXyI6MTU1NjUzOTU1Ni44OTc0MTU0LCJjdXJyZW50cGFnZSI6MX0=", "expire_date": "2019-05-13T12:05:57.058Z"}}, {"model": "sessions.session", "pk": "p2l03dgod7e5rwhwx67ec2urdvds7c9a", "fields": {"session_data": "MTIwNWE3NDNjZjY0ZmIzNjNmYjkyNjg4NjJkZjBiYjUzOTA4MjBjMTp7Il9hdXRoX3VzZXJfaWQiOiI1MSIsIl9hdXRoX3VzZXJfYmFja2VuZCI6ImRqYW5nby5jb250cmliLmF1dGguYmFja2VuZHMuTW9kZWxCYWNrZW5kIiwiX2F1dGhfdXNlcl9oYXNoIjoiMjM1ZDVjZWMxYWZkYTg3ZTc0Njc3YzJmMWNmZTc0MTViYzNiZDlhYSIsIl9zZXNzaW9uX2luaXRfdGltZXN0YW1wXyI6MTU1Mzg1MTczNC45OTg2MzIyfQ==", "expire_date": "2019-04-12T09:28:55.019Z"}}, {"model": "sessions.session", "pk": "pol161q8jpw2w5i2j934g90d8d5wdgri", "fields": {"session_data": "MWMyMWFlNTQxOGI0ZDYwYjc5YTUwMDFmYTJlNGNhYzhmZTJiYWFlNTp7Il9hdXRoX3VzZXJfaWQiOiIxIiwiX2F1dGhfdXNlcl9iYWNrZW5kIjoiZGphbmdvLmNvbnRyaWIuYXV0aC5iYWNrZW5kcy5Nb2RlbEJhY2tlbmQiLCJfYXV0aF91c2VyX2hhc2giOiJmNDJhOGJmMmI1ZWRhNTdiZWY2ZDI1ZmRhNTdjN2ZlZDRlMzQ3MmUwIiwiX3Nlc3Npb25faW5pdF90aW1lc3RhbXBfIjoxNTU4MzQxNjk3LjY5MjE4MDZ9", "expire_date": "2019-06-03T08:41:37.797Z"}}, {"model": "sessions.session", "pk": "swl64px8i86ynpjgf6pus3p7ordi0a65", "fields": {"session_data": "ZTc2NjU1NDU0NjA2M2MxOWEzNjVjMjYyYjU3ZjVmZWM3NDBhMmEwMzp7Il9hdXRoX3VzZXJfaWQiOiI1MSIsIl9hdXRoX3VzZXJfYmFja2VuZCI6ImRqYW5nby5jb250cmliLmF1dGguYmFja2VuZHMuTW9kZWxCYWNrZW5kIiwiX2F1dGhfdXNlcl9oYXNoIjoiMjM1ZDVjZWMxYWZkYTg3ZTc0Njc3YzJmMWNmZTc0MTViYzNiZDlhYSIsIl9zZXNzaW9uX2luaXRfdGltZXN0YW1wXyI6MTU1NDA5NzE5Ny4yMjk0NjkzfQ==", "expire_date": "2019-04-15T05:39:57.250Z"}}, {"model": "sessions.session", "pk": "uwvgf5fownef8io9l891g1vgjx1y5tzg", "fields": {"session_data": "YmYxNTUyYTJmYjQwZDRlN2NlOTAxZGFmMDZiYjIzNGI2MWU4NjFhYjp7Il9hdXRoX3VzZXJfaWQiOiI1MSIsIl9hdXRoX3VzZXJfYmFja2VuZCI6ImRqYW5nby5jb250cmliLmF1dGguYmFja2VuZHMuTW9kZWxCYWNrZW5kIiwiX2F1dGhfdXNlcl9oYXNoIjoiMjM1ZDVjZWMxYWZkYTg3ZTc0Njc3YzJmMWNmZTc0MTViYzNiZDlhYSIsIl9zZXNzaW9uX2luaXRfdGltZXN0YW1wXyI6MTU1NzgxNDAxMC44MjczNjI4fQ==", "expire_date": "2019-05-28T06:06:50.902Z"}}, {"model": "sessions.session", "pk": "vfqv5rsuymhuppp51nuwidnxou2y9ha2", "fields": {"session_data": "NjdlYTI1ODVhYmI3YjU2YmQ2MGYxZGZhNWI1ODk2YWIzYjAxZWRlODp7Il9hdXRoX3VzZXJfaWQiOiI1MSIsIl9hdXRoX3VzZXJfYmFja2VuZCI6ImRqYW5nby5jb250cmliLmF1dGguYmFja2VuZHMuTW9kZWxCYWNrZW5kIiwiX2F1dGhfdXNlcl9oYXNoIjoiMjM1ZDVjZWMxYWZkYTg3ZTc0Njc3YzJmMWNmZTc0MTViYzNiZDlhYSIsIl9zZXNzaW9uX2luaXRfdGltZXN0YW1wXyI6MTU1NDA5OTE4MC43OTYxMTJ9", "expire_date": "2019-04-15T06:13:00.819Z"}}, {"model": "sessions.session", "pk": "w480c70d1awpv35p9sydzopvo4nm9go1", "fields": {"session_data": "ZjhjOTYzNmMxMWRlYmY5YzdlMDIzMGZkNWNiZmU2YjEwNTczMDQyZTp7Il9hdXRoX3VzZXJfaWQiOiI1MSIsIl9hdXRoX3VzZXJfYmFja2VuZCI6ImRqYW5nby5jb250cmliLmF1dGguYmFja2VuZHMuTW9kZWxCYWNrZW5kIiwiX2F1dGhfdXNlcl9oYXNoIjoiMjM1ZDVjZWMxYWZkYTg3ZTc0Njc3YzJmMWNmZTc0MTViYzNiZDlhYSIsIl9zZXNzaW9uX2luaXRfdGltZXN0YW1wXyI6MTU1Mzg1MzgwNC45NzUxNjQyfQ==", "expire_date": "2019-04-12T10:03:24.997Z"}}, {"model": "sessions.session", "pk": "xdjskwr1gwbmq2fjy2lwwu63nlt7q868", "fields": {"session_data": "ZWJiYmFkMTZkYzIzOTBlNDBhNzQ1YzI0OTRkODJkMmE5ZTI3NWMwZjp7Il9hdXRoX3VzZXJfaWQiOiIxIiwiX2F1dGhfdXNlcl9iYWNrZW5kIjoiZGphbmdvLmNvbnRyaWIuYXV0aC5iYWNrZW5kcy5Nb2RlbEJhY2tlbmQiLCJfYXV0aF91c2VyX2hhc2giOiJmNDJhOGJmMmI1ZWRhNTdiZWY2ZDI1ZmRhNTdjN2ZlZDRlMzQ3MmUwIn0=", "expire_date": "2019-05-14T04:31:47.953Z"}}, {"model": "nitortest.question", "pk": 50, "fields": {"qtype": "mcq", "subject": "sql", "language": null, "title": null, "description": "Which view that contains more than one table in the top-level FROM clause of the SELECT statement:", "snippet": null, "options": "{'1': 'Join view', '2': 'Datable join view', '3': ' Updatable join view', '4': 'All of the mentioned'}", "correct_option": "3", "testcases": null, "level": null}}, {"model": "nitortest.question", "pk": 51, "fields": {"qtype": "mcq", "subject": "networking", "language": null, "title": null, "description": "The IETF standards documents are called", "snippet": null, "options": "{'1': 'RFC', '2': 'RCF', '3': 'ID', '4': 'None of the mentioned'}", "correct_option": "1", "testcases": null, "level": null}}, {"model": "nitortest.question", "pk": 52, "fields": {"qtype": "mcq", "subject": "networking", "language": null, "title": null, "description": "In the layer hierarchy as the data packet moves from the upper to the lower layers, headers are", "snippet": null, "options": "{'1': 'ADDED', '2': 'REMOVED', '3': 'REARRANGED', '4': 'MODIFIED'}", "correct_option": "1", "testcases": null, "level": null}}, {"model": "nitortest.question", "pk": 53, "fields": {"qtype": "mcq", "subject": "networking", "language": null, "title": null, "description": "The first Network\r\n", "snippet": null, "options": "{'1': 'CNNET', '2': 'NSFNET', '3': 'ASAPNET', '4': 'ARPANET'}", "correct_option": "4", "testcases": null, "level": null}}, {"model": "nitortest.question", "pk": 54, "fields": {"qtype": "ct", "subject": null, "language": "java", "title": "Factorial Program in Java", "description": "Factorial Program in Java: Factorial of n is the product of all positive descending integers. Factorial of n is denoted by n!. For example:\r\n\r\n4! = 4*3*2*1 = 24  \r\n5! = 5*4*3*2*1 = 120  ", "snippet": "import java.util.Scanner;\r\n \r\nclass Factorial\r\n{\r\n   public static void main(String args[])\r\n   {\r\n      int n, c, fact = 1;     \r\n     \r\n      Scanner in = new Scanner(System.in);\r\n     \r\n      n = in.nextInt();\r\n     \r\n      if (n < 0)\r\n         System.out.println(\"Not valid\");\r\n      else\r\n      {\r\n      }\r\n   }\r\n}", "options": null, "correct_option": null, "testcases": "{'case1': {'testcase': '5', 'output': '120'}, 'case2': {'testcase': '-19', 'output': 'Not valid'}, 'case3': {'testcase': '7', 'output': '5040'}, 'case4': {'testcase': '4', 'output': '24'}}", "level": "easy"}}, {"model": "nitortest.question", "pk": 55, "fields": {"qtype": "ct", "subject": null, "language": "java", "title": "Prime Number Program in Java Using Scanner Example.", "description": "Suppose, the value entered is say 121. It is assigned to an integer variable num. \r\nNow, num is divided by all the numbers from 2 to 8 (because a number can be divided by 1 and itself) (% rehrrns remainder).\r\nIf the number is divided by any number from 2 to 8, its remainder will come to be 0 and in that case the message \"Number is not prime\" is displayed on the screen.\r\n 121 is not divisible by 2 but is no doubt divisible by 3 which returns remainder as 0 and hence it is not a prime number.", "snippet": "import java.util.Scanner; \r\npublic class PrimeNumber \r\n{ \r\n                public static void main(String args[]) \r\n             { \r\n                 \r\n                  Scanner s=new Scanner(System.in);                   \r\n                  num =s.nextInt(); \r\n                 //Write your code from here\r\n             } \r\n} ", "options": null, "correct_option": null, "testcases": "{'case1': {'testcase': '121', 'output': 'Number is not prime'}, 'case2': {'testcase': '7', 'output': 'Number is prime'}, 'case3': {'testcase': '9', 'output': 'Number is not prime'}, 'case4': {'testcase': '11', 'output': 'Number is prime'}}", "level": "easy"}}, {"model": "nitortest.question", "pk": 56, "fields": {"qtype": "ct", "subject": null, "language": "python", "title": "Python program to check if a string is palindrome or not", "description": "Given a string, write a python function to check if it is palindrome or not. A string is said to be palindrome if reverse of the string is same as string. For example, \u201cradar\u201d is palindrome, but \u201cradix\u201d is not palindrome.\r\n\r\nExamples:\r\n\r\nInput : malayalam\r\nOutput : Yes\r\n\r\nInput : geeks\r\nOutput : No", "snippet": "string=raw_input(\"Enter string:\")\r\n# write your program from here", "options": null, "correct_option": null, "testcases": "{'case1': {'testcase': 'malayalam', 'output': 'yes'}, 'case2': {'testcase': 'level', 'output': 'yes'}, 'case3': {'testcase': 'radix', 'output': 'no'}, 'case4': {'testcase': 'nosegay', 'output': 'no'}}", "level": "medium"}}, {"model": "nitortest.question", "pk": 59, "fields": {"qtype": "ct", "subject": null, "language": "javascript", "title": "Javascript code to find factorial,", "description": "Find factorial of the given number.\r\nFor example : \r\n5 = 5 * 4 * 3 * 2 * 1 = 120\r\n\r\nInput:\r\n7\r\n\r\nOutput:\r\n5040\r\n\r\nInput:\r\n-2\r\n\r\nOutput:\r\nNot valid\r\n\r\n", "snippet": "var readline = require('readline');\r\n\r\nvar rl = readline.createInterface({\r\n  input: process.stdin,\r\n  output: process.stdout,\r\n  terminal: false\r\n});\r\n\r\nrl.on('value', function (value) {\r\n   /* write your code from here */\r\n   /* take value as the number for which factorial needs to be find */\r\n   console.log(\"Factorial\")\r\n});", "options": null, "correct_option": null, "testcases": "{'case1': {'testcase': '5', 'output': '120'}, 'case2': {'testcase': '7', 'output': '5040'}, 'case3': {'testcase': '4', 'output': '24'}, 'case4': {'testcase': '-12', 'output': 'Not valid'}, 'case5': {'testcase': '6', 'output': '720'}}", "level": "easy"}}, {"model": "nitortest.question", "pk": 60, "fields": {"qtype": "mcq", "subject": "networking", "language": null, "title": null, "description": "What is internet?\r\n", "snippet": null, "options": "{'1': 'a single network', '2': 'single networkb) a vast collection of different networks', '3': 'interconnection of local area networks', '4': 'none of the mentioned'}", "correct_option": "2", "testcases": null, "level": null}}, {"model": "nitortest.question", "pk": 61, "fields": {"qtype": "mcq", "subject": "networking", "language": null, "title": null, "description": "The protocol data unit(PDU) for the application layer in the Internet stack is", "snippet": null, "options": "{'1': 'Segment', '2': 'Datagram', '3': 'Message', '4': 'Frame'}", "correct_option": "3", "testcases": null, "level": null}}, {"model": "nitortest.question", "pk": 62, "fields": {"qtype": "mcq", "subject": "networking", "language": null, "title": null, "description": "Which of the following transport layer protocols is used to support electronic mail?", "snippet": null, "options": "{'1': 'SMTP', '2': 'IP', '3': 'TCP', '4': 'UDP'}", "correct_option": "3", "testcases": null, "level": null}}, {"model": "nitortest.question", "pk": 63, "fields": {"qtype": "mcq", "subject": "networking", "language": null, "title": null, "description": "In the IPv4 addressing format, the number of networks allowed under Class C addresses is", "snippet": null, "options": "{'1': '2^14', '2': '2^7', '3': '2^21', '4': '2^24'}", "correct_option": "3", "testcases": null, "level": null}}, {"model": "nitortest.question", "pk": 64, "fields": {"qtype": "mcq", "subject": "sql", "language": null, "title": null, "description": "Which statement is wrong about PRIMARY KEY constraint in SQL?", "snippet": null, "options": "{'1': 'The PRIMARY KEY uniquely identifies each record in a SQL database table', '2': 'Primary key can be made based on multiple columns', '3': 'Primary key must be made of any single columns', '4': 'Primary keys must contain UNIQUE values.'}", "correct_option": "3", "testcases": null, "level": null}}, {"model": "nitortest.question", "pk": 65, "fields": {"qtype": "mcq", "subject": "sql", "language": null, "title": null, "description": "Which is/are correct statements about primary key of a table?\r\n\r\nA. Primary keys can contain NULL values\r\nB. Primary keys cannot contain NULL values.\r\nC. A table can have only one primary key with single or multiple fields\r\nD. A table can have multiple primary keys with single or multiple fields", "snippet": null, "options": "{'1': 'A', '2': 'B', '3': 'A and B', '4': 'B and C'}", "correct_option": "4", "testcases": null, "level": null}}, {"model": "nitortest.question", "pk": 66, "fields": {"qtype": "mcq", "subject": "sql", "language": null, "title": null, "description": "In existing table, ALTER TABLE statement is used to", "snippet": null, "options": "{'1': 'Add columns', '2': 'Add constraints', '3': 'Delete columns', '4': 'Delete constrains', '5': 'All of the above'}", "correct_option": "5", "testcases": null, "level": null}}, {"model": "nitortest.question", "pk": 67, "fields": {"qtype": "mcq", "subject": "sql", "language": null, "title": null, "description": "SQL Query to delete all rows in a table without deleting the table (structure, attributes, and indexes)", "snippet": null, "options": "{'1': 'DELETE FROM table_name;', '2': 'DELETE TABLE table_name;', '3': 'DROP TABLE table_name;', '4': 'NONE'}", "correct_option": "1", "testcases": null, "level": null}}, {"model": "nitortest.question", "pk": 68, "fields": {"qtype": "mcq", "subject": "sql", "language": null, "title": null, "description": "If you want to allow age of a person > 18 in the column Age of table Person, then which constraint will be applied to AGE column.", "snippet": null, "options": "{'1': 'Default', '2': 'Check', '3': 'NOT NULL', '4': 'None'}", "correct_option": "2", "testcases": null, "level": null}}, {"model": "nitortest.question", "pk": 69, "fields": {"qtype": "mcq", "subject": "ds", "language": null, "title": null, "description": "Elements can be retrieved by index in \u2026\u2026\u2026\u2026\u2026.?", "snippet": null, "options": "{'1': 'linked lists', '2': 'linear arrays', '3': 'both of above', '4': 'none of above'}", "correct_option": "2", "testcases": null, "level": null}}, {"model": "nitortest.question", "pk": 70, "fields": {"qtype": "mcq", "subject": "ds", "language": null, "title": null, "description": "Efficiency of an algorithm is measured by", "snippet": null, "options": "{'1': 'Time and Capacity complexity', '2': 'Time and Space complexity', '3': 'Speed  and Space complexity', '4': 'Speed  and Capacity complexity'}", "correct_option": "2", "testcases": null, "level": null}}, {"model": "nitortest.question", "pk": 71, "fields": {"qtype": "mcq", "subject": "ds", "language": null, "title": null, "description": "Which sorting algorithm is the slowest algorithm for large number of data?", "snippet": null, "options": "{'1': 'Quick sort', '2': 'Heap sort', '3': 'Bubble sort', '4': 'Shell sort'}", "correct_option": "3", "testcases": null, "level": null}}, {"model": "nitortest.question", "pk": 72, "fields": {"qtype": "mcq", "subject": "ds", "language": null, "title": null, "description": "Height of a binary tree is", "snippet": null, "options": "{'1': 'MAX( Height of left Subtree, Height of right subtree)+1', '2': 'MAX( Height of left Subtree, Height of right subtree)', '3': 'MAX( Height of left Subtree, Height of right subtree)-1', '4': 'None'}", "correct_option": "1", "testcases": null, "level": null}}, {"model": "nitortest.question", "pk": 73, "fields": {"qtype": "mcq", "subject": "gk", "language": null, "title": null, "description": "Increasing the RAM of a computer typically improves performance because", "snippet": null, "options": "{'1': 'Virtual memory increases', '2': 'Larger RAMs are faster', '3': 'Fewer page faults occur', '4': 'Fewer segmentation faults occur'}", "correct_option": "3", "testcases": null, "level": null}}, {"model": "nitortest.questionpaper", "pk": 33, "fields": {"title_qp": "Javascript test", "total_question": 1, "mcq": "{}", "coding": "{59: {'desc': 'Find factorial of the given number.\\r\\nFor example : \\r\\n5 = 5 * 4 * 3 * 2 * 1 = 120\\r\\n\\r\\nInput:\\r\\n7\\r\\n\\r\\nOutput:\\r\\n5040\\r\\n\\r\\nInput:\\r\\n-2\\r\\n\\r\\nOutput:\\r\\nNot valid\\r\\n\\r\\n', 'title': 'Javascript code to find factorial,', 'language': 'javascript', 'snippet': 'var readline = require(\\'readline\\');\\r\\n\\r\\nvar rl = readline.createInterface({\\r\\n  input: process.stdin,\\r\\n  output: process.stdout,\\r\\n  terminal: false\\r\\n});\\r\\n\\r\\nrl.on(\\'value\\', function (value) {\\r\\n   /* write your code from here */\\r\\n   /* take value as the number for which factorial needs to be find */\\r\\n   console.log(\"Factorial\")\\r\\n});', 'testcases': \"{'case1': {'testcase': '5', 'output': '120'}, 'case2': {'testcase': '7', 'output': '5040'}, 'case3': {'testcase': '4', 'output': '24'}, 'case4': {'testcase': '-12', 'output': 'Not valid'}, 'case5': {'testcase': '6', 'output': '720'}}\"}}", "max_time": 30}}, {"model": "nitortest.questionpaper", "pk": 34, "fields": {"title_qp": "Code test", "total_question": 4, "mcq": "{}", "coding": "{54: {'desc': 'Factorial Program in Java: Factorial of n is the product of all positive descending integers. Factorial of n is denoted by n!. For example:\\r\\n\\r\\n4! = 4*3*2*1 = 24  \\r\\n5! = 5*4*3*2*1 = 120  ', 'title': 'Factorial Program in Java', 'language': 'java', 'snippet': 'import java.util.Scanner;\\r\\n \\r\\nclass Factorial\\r\\n{\\r\\n   public static void main(String args[])\\r\\n   {\\r\\n      int n, c, fact = 1;     \\r\\n     \\r\\n      Scanner in = new Scanner(System.in);\\r\\n     \\r\\n      n = in.nextInt();\\r\\n     \\r\\n      if (n < 0)\\r\\n         System.out.println(\"Not valid\");\\r\\n      else\\r\\n      {\\r\\n      }\\r\\n   }\\r\\n}', 'testcases': \"{'case1': {'testcase': '5', 'output': '120'}, 'case2': {'testcase': '-19', 'output': 'Not valid'}, 'case3': {'testcase': '7', 'output': '5040'}, 'case4': {'testcase': '4', 'output': '24'}}\"}, 55: {'desc': 'Suppose, the value entered is say 121. It is assigned to an integer variable num. \\r\\nNow, num is divided by all the numbers from 2 to 8 (because a number can be divided by 1 and itself) (% rehrrns remainder).\\r\\nIf the number is divided by any number from 2 to 8, its remainder will come to be 0 and in that case the message \"Number is not prime\" is displayed on the screen.\\r\\n 121 is not divisible by 2 but is no doubt divisible by 3 which returns remainder as 0 and hence it is not a prime number.', 'title': 'Prime Number Program in Java Using Scanner Example.', 'language': 'java', 'snippet': 'import java.util.Scanner; \\r\\npublic class PrimeNumber \\r\\n{ \\r\\n                public static void main(String args[]) \\r\\n             { \\r\\n                 \\r\\n                  Scanner s=new Scanner(System.in);                   \\r\\n                  num =s.nextInt(); \\r\\n                 //Write your code from here\\r\\n             } \\r\\n} ', 'testcases': \"{'case1': {'testcase': '121', 'output': 'Number is not prime'}, 'case2': {'testcase': '7', 'output': 'Number is prime'}, 'case3': {'testcase': '9', 'output': 'Number is not prime'}, 'case4': {'testcase': '11', 'output': 'Number is prime'}}\"}, 56: {'desc': 'Given a string, write a python function to check if it is palindrome or not. A string is said to be palindrome if reverse of the string is same as string. For example, \u201cradar\u201d is palindrome, but \u201cradix\u201d is not palindrome.\\r\\n\\r\\nExamples:\\r\\n\\r\\nInput : malayalam\\r\\nOutput : Yes\\r\\n\\r\\nInput : geeks\\r\\nOutput : No', 'title': 'Python program to check if a string is palindrome or not', 'language': 'python', 'snippet': 'string=raw_input(\"Enter string:\")\\r\\n# write your program from here', 'testcases': \"{'case1': {'testcase': 'malayalam', 'output': 'yes'}, 'case2': {'testcase': 'level', 'output': 'yes'}, 'case3': {'testcase': 'radix', 'output': 'no'}, 'case4': {'testcase': 'nosegay', 'output': 'no'}}\"}, 59: {'desc': 'Find factorial of the given number.\\r\\nFor example : \\r\\n5 = 5 * 4 * 3 * 2 * 1 = 120\\r\\n\\r\\nInput:\\r\\n7\\r\\n\\r\\nOutput:\\r\\n5040\\r\\n\\r\\nInput:\\r\\n-2\\r\\n\\r\\nOutput:\\r\\nNot valid\\r\\n\\r\\n', 'title': 'Javascript code to find factorial,', 'language': 'javascript', 'snippet': 'var readline = require(\\'readline\\');\\r\\n\\r\\nvar rl = readline.createInterface({\\r\\n  input: process.stdin,\\r\\n  output: process.stdout,\\r\\n  terminal: false\\r\\n});\\r\\n\\r\\nrl.on(\\'value\\', function (value) {\\r\\n   /* write your code from here */\\r\\n   /* take value as the number for which factorial needs to be find */\\r\\n   console.log(\"Factorial\")\\r\\n});', 'testcases': \"{'case1': {'testcase': '5', 'output': '120'}, 'case2': {'testcase': '7', 'output': '5040'}, 'case3': {'testcase': '4', 'output': '24'}, 'case4': {'testcase': '-12', 'output': 'Not valid'}, 'case5': {'testcase': '6', 'output': '720'}}\"}}", "max_time": 120}}, {"model": "nitortest.questionpaper", "pk": 35, "fields": {"title_qp": "Java Test", "total_question": 6, "mcq": "{50: {'desc': 'Which view that contains more than one table in the top-level FROM clause of the SELECT statement:', 'options': \"{'1': 'Join view', '2': 'Datable join view', '3': ' Updatable join view', '4': 'All of the mentioned'}\", 'correct_option': '3'}, 51: {'desc': 'The IETF standards documents are called', 'options': \"{'1': 'RFC', '2': 'RCF', '3': 'ID', '4': 'None of the mentioned'}\", 'correct_option': '1'}, 52: {'desc': 'In the layer hierarchy as the data packet moves from the upper to the lower layers, headers are', 'options': \"{'1': 'ADDED', '2': 'REMOVED', '3': 'REARRANGED', '4': 'MODIFIED'}\", 'correct_option': '1'}, 53: {'desc': 'The first Network\\r\\n', 'options': \"{'1': 'CNNET', '2': 'NSFNET', '3': 'ASAPNET', '4': 'ARPANET'}\", 'correct_option': '4'}}", "coding": "{54: {'desc': 'Factorial Program in Java: Factorial of n is the product of all positive descending integers. Factorial of n is denoted by n!. For example:\\r\\n\\r\\n4! = 4*3*2*1 = 24  \\r\\n5! = 5*4*3*2*1 = 120  ', 'title': 'Factorial Program in Java', 'language': 'java', 'snippet': 'import java.util.Scanner;\\r\\n \\r\\nclass Factorial\\r\\n{\\r\\n   public static void main(String args[])\\r\\n   {\\r\\n      int n, c, fact = 1;     \\r\\n     \\r\\n      Scanner in = new Scanner(System.in);\\r\\n     \\r\\n      n = in.nextInt();\\r\\n     \\r\\n      if (n < 0)\\r\\n         System.out.println(\"Not valid\");\\r\\n      else\\r\\n      {\\r\\n      }\\r\\n   }\\r\\n}', 'testcases': \"{'case1': {'testcase': '5', 'output': '120'}, 'case2': {'testcase': '-19', 'output': 'Not valid'}, 'case3': {'testcase': '7', 'output': '5040'}, 'case4': {'testcase': '4', 'output': '24'}}\"}, 55: {'desc': 'Suppose, the value entered is say 121. It is assigned to an integer variable num. \\r\\nNow, num is divided by all the numbers from 2 to 8 (because a number can be divided by 1 and itself) (% rehrrns remainder).\\r\\nIf the number is divided by any number from 2 to 8, its remainder will come to be 0 and in that case the message \"Number is not prime\" is displayed on the screen.\\r\\n 121 is not divisible by 2 but is no doubt divisible by 3 which returns remainder as 0 and hence it is not a prime number.', 'title': 'Prime Number Program in Java Using Scanner Example.', 'language': 'java', 'snippet': 'import java.util.Scanner; \\r\\npublic class PrimeNumber \\r\\n{ \\r\\n                public static void main(String args[]) \\r\\n             { \\r\\n                 \\r\\n                  Scanner s=new Scanner(System.in);                   \\r\\n                  num =s.nextInt(); \\r\\n                 //Write your code from here\\r\\n             } \\r\\n} ', 'testcases': \"{'case1': {'testcase': '121', 'output': 'Number is not prime'}, 'case2': {'testcase': '7', 'output': 'Number is prime'}, 'case3': {'testcase': '9', 'output': 'Number is not prime'}, 'case4': {'testcase': '11', 'output': 'Number is prime'}}\"}}", "max_time": 60}}, {"model": "nitortest.questionpaper", "pk": 36, "fields": {"title_qp": "Python test", "total_question": 6, "mcq": "{50: {'desc': 'Which view that contains more than one table in the top-level FROM clause of the SELECT statement:', 'options': \"{'1': 'Join view', '2': 'Datable join view', '3': ' Updatable join view', '4': 'All of the mentioned'}\", 'correct_option': '3'}, 51: {'desc': 'The IETF standards documents are called', 'options': \"{'1': 'RFC', '2': 'RCF', '3': 'ID', '4': 'None of the mentioned'}\", 'correct_option': '1'}, 52: {'desc': 'In the layer hierarchy as the data packet moves from the upper to the lower layers, headers are', 'options': \"{'1': 'ADDED', '2': 'REMOVED', '3': 'REARRANGED', '4': 'MODIFIED'}\", 'correct_option': '1'}, 53: {'desc': 'The first Network\\r\\n', 'options': \"{'1': 'CNNET', '2': 'NSFNET', '3': 'ASAPNET', '4': 'ARPANET'}\", 'correct_option': '4'}, 60: {'desc': 'What is internet?\\r\\n', 'options': \"{'1': 'a single network', '2': 'single networkb) a vast collection of different networks', '3': 'interconnection of local area networks', '4': 'none of the mentioned'}\", 'correct_option': '2'}}", "coding": "{56: {'desc': 'Given a string, write a python function to check if it is palindrome or not. A string is said to be palindrome if reverse of the string is same as string. For example, \u201cradar\u201d is palindrome, but \u201cradix\u201d is not palindrome.\\r\\n\\r\\nExamples:\\r\\n\\r\\nInput : malayalam\\r\\nOutput : Yes\\r\\n\\r\\nInput : geeks\\r\\nOutput : No', 'title': 'Python program to check if a string is palindrome or not', 'language': 'python', 'snippet': 'string=raw_input(\"Enter string:\")\\r\\n# write your program from here', 'testcases': \"{'case1': {'testcase': 'malayalam', 'output': 'yes'}, 'case2': {'testcase': 'level', 'output': 'yes'}, 'case3': {'testcase': 'radix', 'output': 'no'}, 'case4': {'testcase': 'nosegay', 'output': 'no'}}\"}}", "max_time": 60}}, {"model": "nitortest.questionpaper", "pk": 37, "fields": {"title_qp": "MCQ TEST", "total_question": 18, "mcq": "{50: {'desc': 'Which view that contains more than one table in the top-level FROM clause of the SELECT statement:', 'options': \"{'1': 'Join view', '2': 'Datable join view', '3': ' Updatable join view', '4': 'All of the mentioned'}\", 'correct_option': '3'}, 51: {'desc': 'The IETF standards documents are called', 'options': \"{'1': 'RFC', '2': 'RCF', '3': 'ID', '4': 'None of the mentioned'}\", 'correct_option': '1'}, 52: {'desc': 'In the layer hierarchy as the data packet moves from the upper to the lower layers, headers are', 'options': \"{'1': 'ADDED', '2': 'REMOVED', '3': 'REARRANGED', '4': 'MODIFIED'}\", 'correct_option': '1'}, 53: {'desc': 'The first Network\\r\\n', 'options': \"{'1': 'CNNET', '2': 'NSFNET', '3': 'ASAPNET', '4': 'ARPANET'}\", 'correct_option': '4'}, 60: {'desc': 'What is internet?\\r\\n', 'options': \"{'1': 'a single network', '2': 'single networkb) a vast collection of different networks', '3': 'interconnection of local area networks', '4': 'none of the mentioned'}\", 'correct_option': '2'}, 61: {'desc': 'The protocol data unit(PDU) for the application layer in the Internet stack is', 'options': \"{'1': 'Segment', '2': 'Datagram', '3': 'Message', '4': 'Frame'}\", 'correct_option': '3'}, 62: {'desc': 'Which of the following transport layer protocols is used to support electronic mail?', 'options': \"{'1': 'SMTP', '2': 'IP', '3': 'TCP', '4': 'UDP'}\", 'correct_option': '3'}, 63: {'desc': 'In the IPv4 addressing format, the number of networks allowed under Class C addresses is', 'options': \"{'1': '2^14', '2': '2^7', '3': '2^21', '4': '2^24'}\", 'correct_option': '3'}, 64: {'desc': 'Which statement is wrong about PRIMARY KEY constraint in SQL?', 'options': \"{'1': 'The PRIMARY KEY uniquely identifies each record in a SQL database table', '2': 'Primary key can be made based on multiple columns', '3': 'Primary key must be made of any single columns', '4': 'Primary keys must contain UNIQUE values.'}\", 'correct_option': '3'}, 65: {'desc': 'Which is/are correct statements about primary key of a table?\\r\\n\\r\\nA. Primary keys can contain NULL values\\r\\nB. Primary keys cannot contain NULL values.\\r\\nC. A table can have only one primary key with single or multiple fields\\r\\nD. A table can have multiple primary keys with single or multiple fields', 'options': \"{'1': 'A', '2': 'B', '3': 'A and B', '4': 'B and C'}\", 'correct_option': '4'}, 66: {'desc': 'In existing table, ALTER TABLE statement is used to', 'options': \"{'1': 'Add columns', '2': 'Add constraints', '3': 'Delete columns', '4': 'Delete constrains', '5': 'All of the above'}\", 'correct_option': '5'}, 67: {'desc': 'SQL Query to delete all rows in a table without deleting the table (structure, attributes, and indexes)', 'options': \"{'1': 'DELETE FROM table_name;', '2': 'DELETE TABLE table_name;', '3': 'DROP TABLE table_name;', '4': 'NONE'}\", 'correct_option': '1'}, 68: {'desc': 'If you want to allow age of a person > 18 in the column Age of table Person, then which constraint will be applied to AGE column.', 'options': \"{'1': 'Default', '2': 'Check', '3': 'NOT NULL', '4': 'None'}\", 'correct_option': '2'}, 69: {'desc': 'Elements can be retrieved by index in \u2026\u2026\u2026\u2026\u2026.?', 'options': \"{'1': 'linked lists', '2': 'linear arrays', '3': 'both of above', '4': 'none of above'}\", 'correct_option': '2'}, 70: {'desc': 'Efficiency of an algorithm is measured by', 'options': \"{'1': 'Time and Capacity complexity', '2': 'Time and Space complexity', '3': 'Speed  and Space complexity', '4': 'Speed  and Capacity complexity'}\", 'correct_option': '2'}, 71: {'desc': 'Which sorting algorithm is the slowest algorithm for large number of data?', 'options': \"{'1': 'Quick sort', '2': 'Heap sort', '3': 'Bubble sort', '4': 'Shell sort'}\", 'correct_option': '3'}, 72: {'desc': 'Height of a binary tree is', 'options': \"{'1': 'MAX( Height of left Subtree, Height of right subtree)+1', '2': 'MAX( Height of left Subtree, Height of right subtree)', '3': 'MAX( Height of left Subtree, Height of right subtree)-1', '4': 'None'}\", 'correct_option': '1'}, 73: {'desc': 'Increasing the RAM of a computer typically improves performance because', 'options': \"{'1': 'Virtual memory increases', '2': 'Larger RAMs are faster', '3': 'Fewer page faults occur', '4': 'Fewer segmentation faults occur'}\", 'correct_option': '3'}}", "coding": "{}", "max_time": 40}}, {"model": "nitortest.questionpaper", "pk": 38, "fields": {"title_qp": "MCQ Test 2", "total_question": 18, "mcq": "{50: {'desc': 'Which view that contains more than one table in the top-level FROM clause of the SELECT statement:', 'options': \"{'1': 'Join view', '2': 'Datable join view', '3': ' Updatable join view', '4': 'All of the mentioned'}\", 'correct_option': '3'}, 51: {'desc': 'The IETF standards documents are called', 'options': \"{'1': 'RFC', '2': 'RCF', '3': 'ID', '4': 'None of the mentioned'}\", 'correct_option': '1'}, 52: {'desc': 'In the layer hierarchy as the data packet moves from the upper to the lower layers, headers are', 'options': \"{'1': 'ADDED', '2': 'REMOVED', '3': 'REARRANGED', '4': 'MODIFIED'}\", 'correct_option': '1'}, 53: {'desc': 'The first Network\\r\\n', 'options': \"{'1': 'CNNET', '2': 'NSFNET', '3': 'ASAPNET', '4': 'ARPANET'}\", 'correct_option': '4'}, 60: {'desc': 'What is internet?\\r\\n', 'options': \"{'1': 'a single network', '2': 'single networkb) a vast collection of different networks', '3': 'interconnection of local area networks', '4': 'none of the mentioned'}\", 'correct_option': '2'}, 61: {'desc': 'The protocol data unit(PDU) for the application layer in the Internet stack is', 'options': \"{'1': 'Segment', '2': 'Datagram', '3': 'Message', '4': 'Frame'}\", 'correct_option': '3'}, 62: {'desc': 'Which of the following transport layer protocols is used to support electronic mail?', 'options': \"{'1': 'SMTP', '2': 'IP', '3': 'TCP', '4': 'UDP'}\", 'correct_option': '3'}, 63: {'desc': 'In the IPv4 addressing format, the number of networks allowed under Class C addresses is', 'options': \"{'1': '2^14', '2': '2^7', '3': '2^21', '4': '2^24'}\", 'correct_option': '3'}, 64: {'desc': 'Which statement is wrong about PRIMARY KEY constraint in SQL?', 'options': \"{'1': 'The PRIMARY KEY uniquely identifies each record in a SQL database table', '2': 'Primary key can be made based on multiple columns', '3': 'Primary key must be made of any single columns', '4': 'Primary keys must contain UNIQUE values.'}\", 'correct_option': '3'}, 65: {'desc': 'Which is/are correct statements about primary key of a table?\\r\\n\\r\\nA. Primary keys can contain NULL values\\r\\nB. Primary keys cannot contain NULL values.\\r\\nC. A table can have only one primary key with single or multiple fields\\r\\nD. A table can have multiple primary keys with single or multiple fields', 'options': \"{'1': 'A', '2': 'B', '3': 'A and B', '4': 'B and C'}\", 'correct_option': '4'}, 66: {'desc': 'In existing table, ALTER TABLE statement is used to', 'options': \"{'1': 'Add columns', '2': 'Add constraints', '3': 'Delete columns', '4': 'Delete constrains', '5': 'All of the above'}\", 'correct_option': '5'}, 67: {'desc': 'SQL Query to delete all rows in a table without deleting the table (structure, attributes, and indexes)', 'options': \"{'1': 'DELETE FROM table_name;', '2': 'DELETE TABLE table_name;', '3': 'DROP TABLE table_name;', '4': 'NONE'}\", 'correct_option': '1'}, 68: {'desc': 'If you want to allow age of a person > 18 in the column Age of table Person, then which constraint will be applied to AGE column.', 'options': \"{'1': 'Default', '2': 'Check', '3': 'NOT NULL', '4': 'None'}\", 'correct_option': '2'}, 69: {'desc': 'Elements can be retrieved by index in \u2026\u2026\u2026\u2026\u2026.?', 'options': \"{'1': 'linked lists', '2': 'linear arrays', '3': 'both of above', '4': 'none of above'}\", 'correct_option': '2'}, 70: {'desc': 'Efficiency of an algorithm is measured by', 'options': \"{'1': 'Time and Capacity complexity', '2': 'Time and Space complexity', '3': 'Speed  and Space complexity', '4': 'Speed  and Capacity complexity'}\", 'correct_option': '2'}, 71: {'desc': 'Which sorting algorithm is the slowest algorithm for large number of data?', 'options': \"{'1': 'Quick sort', '2': 'Heap sort', '3': 'Bubble sort', '4': 'Shell sort'}\", 'correct_option': '3'}, 72: {'desc': 'Height of a binary tree is', 'options': \"{'1': 'MAX( Height of left Subtree, Height of right subtree)+1', '2': 'MAX( Height of left Subtree, Height of right subtree)', '3': 'MAX( Height of left Subtree, Height of right subtree)-1', '4': 'None'}\", 'correct_option': '1'}, 73: {'desc': 'Increasing the RAM of a computer typically improves performance because', 'options': \"{'1': 'Virtual memory increases', '2': 'Larger RAMs are faster', '3': 'Fewer page faults occur', '4': 'Fewer segmentation faults occur'}\", 'correct_option': '3'}}", "coding": "{}", "max_time": 30}}, {"model": "nitortest.candidatestatus", "pk": 200, "fields": {"candidate": 52, "exam_date": "2019-05-23", "question_paper": 36, "attempted": true, "score": "130.0", "total_time": 0, "correct_mcq": 30, "correct_ct": 100, "mcq_ans": "{'50': {'answer': '3'}, '51': {'answer': '2'}, '52': {'answer': '1'}, '53': {'answer': '3'}, '60': {'answer': '2'}}", "code_ans": "{'56': {'code': 'string=input()\\n# write your program from here\\nif string == string[::-1]:\\n\\tprint(\"yes\")\\nelse:\\n\\tprint(\"no\")\\n                                ', 'cases': {'case1': 'correct', 'case2': 'correct', 'case3': 'correct', 'case4': 'correct'}}}", "starttime": "2019-05-07T09:07:42.485Z", "endtime": "2019-05-07T10:07:42.485Z", "total_mcq_score": 50, "total_code_score": 100, "mcq_score": 0, "code_score": 0, "total_score": 150}}, {"model": "nitortest.candidatestatus", "pk": 210, "fields": {"candidate": 53, "exam_date": "2019-05-29", "question_paper": 34, "attempted": false, "score": "0", "total_time": 0, "correct_mcq": 0, "correct_ct": 0, "mcq_ans": "{}", "code_ans": "{}", "starttime": "2019-05-08T05:39:21.416Z", "endtime": "2019-05-08T05:39:21.416Z", "total_mcq_score": 0, "total_code_score": 400, "mcq_score": 0, "code_score": 0, "total_score": 400}}, {"model": "nitortest.candidatestatus", "pk": 212, "fields": {"candidate": 50, "exam_date": "2019-05-16", "question_paper": 35, "attempted": false, "score": "0", "total_time": 0, "correct_mcq": 0, "correct_ct": 0, "mcq_ans": "{}", "code_ans": "{}", "starttime": "2019-05-08T09:57:18.345Z", "endtime": "2019-05-08T09:57:18.345Z", "total_mcq_score": 40, "total_code_score": 200, "mcq_score": 0, "code_score": 0, "total_score": 240}}, {"model": "nitortest.candidatestatus", "pk": 213, "fields": {"candidate": 56, "exam_date": "2019-05-24", "question_paper": 36, "attempted": false, "score": "0", "total_time": 0, "correct_mcq": 0, "correct_ct": 0, "mcq_ans": "{}", "code_ans": "{}", "starttime": "2019-05-08T09:57:31.707Z", "endtime": "2019-05-08T09:57:31.707Z", "total_mcq_score": 50, "total_code_score": 100, "mcq_score": 0, "code_score": 0, "total_score": 150}}, {"model": "nitortest.candidatestatus", "pk": 219, "fields": {"candidate": 50, "exam_date": "2019-05-08", "question_paper": 34, "attempted": false, "score": "0", "total_time": 0, "correct_mcq": 0, "correct_ct": 0, "mcq_ans": "{}", "code_ans": "{}", "starttime": "2019-05-13T07:01:57.208Z", "endtime": "2019-05-13T07:01:57.208Z", "total_mcq_score": 0, "total_code_score": 400, "mcq_score": 0, "code_score": 0, "total_score": 400}}, {"model": "nitortest.candidatestatus", "pk": 230, "fields": {"candidate": 52, "exam_date": "2019-05-06", "question_paper": 35, "attempted": false, "score": "0", "total_time": 0, "correct_mcq": 0, "correct_ct": 0, "mcq_ans": "{}", "code_ans": "{}", "starttime": "2019-05-17T05:50:29.492Z", "endtime": "2019-05-17T05:50:29.492Z", "total_mcq_score": 40, "total_code_score": 200, "mcq_score": 0, "code_score": 0, "total_score": 240}}, {"model": "nitortest.candidatestatus", "pk": 231, "fields": {"candidate": 58, "exam_date": "2019-05-13", "question_paper": 35, "attempted": false, "score": "0", "total_time": 0, "correct_mcq": 0, "correct_ct": 0, "mcq_ans": "{}", "code_ans": "{}", "starttime": "2019-05-17T06:58:59.971Z", "endtime": "2019-05-17T06:58:59.971Z", "total_mcq_score": 40, "total_code_score": 200, "mcq_score": 0, "code_score": 0, "total_score": 240}}, {"model": "nitortest.candidatestatus", "pk": 232, "fields": {"candidate": 52, "exam_date": "2019-05-30", "question_paper": 37, "attempted": false, "score": "0", "total_time": 0, "correct_mcq": 0, "correct_ct": 0, "mcq_ans": "{}", "code_ans": "{}", "starttime": "2019-05-17T06:59:52.015Z", "endtime": "2019-05-17T06:59:52.015Z", "total_mcq_score": 180, "total_code_score": 0, "mcq_score": 0, "code_score": 0, "total_score": 180}}, {"model": "nitortest.candidatestatus", "pk": 233, "fields": {"candidate": 50, "exam_date": "2019-05-31", "question_paper": 37, "attempted": false, "score": "0", "total_time": 0, "correct_mcq": 0, "correct_ct": 0, "mcq_ans": "{}", "code_ans": "{}", "starttime": "2019-05-17T07:00:04.996Z", "endtime": "2019-05-17T07:00:04.996Z", "total_mcq_score": 180, "total_code_score": 0, "mcq_score": 0, "code_score": 0, "total_score": 180}}, {"model": "nitortest.candidatestatus", "pk": 234, "fields": {"candidate": 54, "exam_date": "2019-05-30", "question_paper": 37, "attempted": false, "score": "0", "total_time": 0, "correct_mcq": 0, "correct_ct": 0, "mcq_ans": "{}", "code_ans": "{}", "starttime": "2019-05-17T08:30:24.747Z", "endtime": "2019-05-17T08:30:24.747Z", "total_mcq_score": 180, "total_code_score": 0, "mcq_score": 0, "code_score": 0, "total_score": 180}}, {"model": "nitortest.candidatestatus", "pk": 235, "fields": {"candidate": 54, "exam_date": "2019-05-29", "question_paper": 35, "attempted": false, "score": "0", "total_time": 0, "correct_mcq": 0, "correct_ct": 0, "mcq_ans": "{}", "code_ans": "{}", "starttime": "2019-05-17T08:31:18.527Z", "endtime": "2019-05-17T08:31:18.527Z", "total_mcq_score": 40, "total_code_score": 200, "mcq_score": 0, "code_score": 0, "total_score": 240}}, {"model": "nitortest.candidatestatus", "pk": 236, "fields": {"candidate": 51, "exam_date": "2019-05-31", "question_paper": 36, "attempted": true, "score": "140.0", "total_time": 0, "correct_mcq": 40, "correct_ct": 100, "mcq_ans": "{'50': {'answer': '2'}, '51': {'answer': '1'}, '52': {'answer': '1'}, '53': {'answer': '4'}, '60': {'answer': '2'}}", "code_ans": "{'56': {'code': 'string=input()\\n# write your program from here\\nif string == string[::-1]:\\n\\tprint(\"yes\")\\nelse:\\n\\tprint(\"no\")\\n                      ', 'cases': {'case1': 'correct', 'case2': 'correct', 'case3': 'correct', 'case4': 'correct'}}}", "starttime": "2019-05-17T08:40:55.971Z", "endtime": "2019-05-17T09:40:55.971Z", "total_mcq_score": 50, "total_code_score": 100, "mcq_score": 0, "code_score": 0, "total_score": 150}}, {"model": "nitortest.candidatestatus", "pk": 237, "fields": {"candidate": 51, "exam_date": "2019-05-28", "question_paper": 34, "attempted": false, "score": "0", "total_time": 0, "correct_mcq": 0, "correct_ct": 0, "mcq_ans": "{}", "code_ans": "{}", "starttime": "2019-05-17T10:03:02.515Z", "endtime": "2019-05-17T10:03:02.515Z", "total_mcq_score": 0, "total_code_score": 400, "mcq_score": 0, "code_score": 0, "total_score": 400}}, {"model": "nitortest.candidatestatus", "pk": 238, "fields": {"candidate": 60, "exam_date": "2019-07-24", "question_paper": 37, "attempted": false, "score": "0", "total_time": 0, "correct_mcq": 0, "correct_ct": 0, "mcq_ans": "{}", "code_ans": "{}", "starttime": "2019-05-20T05:52:07.655Z", "endtime": "2019-05-20T05:52:07.655Z", "total_mcq_score": 180, "total_code_score": 0, "mcq_score": 0, "code_score": 0, "total_score": 180}}, {"model": "nitortest.candidatestatus", "pk": 239, "fields": {"candidate": 51, "exam_date": "2019-05-31", "question_paper": 35, "attempted": false, "score": "0", "total_time": 0, "correct_mcq": 0, "correct_ct": 0, "mcq_ans": "{}", "code_ans": "{}", "starttime": "2019-05-20T06:34:46.292Z", "endtime": "2019-05-20T06:34:46.292Z", "total_mcq_score": 40, "total_code_score": 200, "mcq_score": 0, "code_score": 0, "total_score": 240}}, {"model": "nitortest.candidatestatus", "pk": 240, "fields": {"candidate": 51, "exam_date": "2019-05-31", "question_paper": 34, "attempted": false, "score": "0", "total_time": 0, "correct_mcq": 0, "correct_ct": 0, "mcq_ans": "{}", "code_ans": "{}", "starttime": "2019-05-20T06:35:51.788Z", "endtime": "2019-05-20T06:35:51.788Z", "total_mcq_score": 0, "total_code_score": 400, "mcq_score": 0, "code_score": 0, "total_score": 400}}, {"model": "nitortest.candidatestatus", "pk": 241, "fields": {"candidate": 51, "exam_date": "2019-06-03", "question_paper": 38, "attempted": false, "score": "0", "total_time": 0, "correct_mcq": 0, "correct_ct": 0, "mcq_ans": "{}", "code_ans": "{}", "starttime": "2019-05-20T06:37:32.551Z", "endtime": "2019-05-20T06:37:32.551Z", "total_mcq_score": 180, "total_code_score": 0, "mcq_score": 0, "code_score": 0, "total_score": 180}}, {"model": "auth.permission", "pk": 1, "fields": {"name": "Can add log entry", "content_type": 1, "codename": "add_logentry"}}, {"model": "auth.permission", "pk": 2, "fields": {"name": "Can change log entry", "content_type": 1, "codename": "change_logentry"}}, {"model": "auth.permission", "pk": 3, "fields": {"name": "Can delete log entry", "content_type": 1, "codename": "delete_logentry"}}, {"model": "auth.permission", "pk": 4, "fields": {"name": "Can view log entry", "content_type": 1, "codename": "view_logentry"}}, {"model": "auth.permission", "pk": 5, "fields": {"name": "Can add permission", "content_type": 2, "codename": "add_permission"}}, {"model": "auth.permission", "pk": 6, "fields": {"name": "Can change permission", "content_type": 2, "codename": "change_permission"}}, {"model": "auth.permission", "pk": 7, "fields": {"name": "Can delete permission", "content_type": 2, "codename": "delete_permission"}}, {"model": "auth.permission", "pk": 8, "fields": {"name": "Can view permission", "content_type": 2, "codename": "view_permission"}}, {"model": "auth.permission", "pk": 9, "fields": {"name": "Can add group", "content_type": 3, "codename": "add_group"}}, {"model": "auth.permission", "pk": 10, "fields": {"name": "Can change group", "content_type": 3, "codename": "change_group"}}, {"model": "auth.permission", "pk": 11, "fields": {"name": "Can delete group", "content_type": 3, "codename": "delete_group"}}, {"model": "auth.permission", "pk": 12, "fields": {"name": "Can view group", "content_type": 3, "codename": "view_group"}}, {"model": "auth.permission", "pk": 13, "fields": {"name": "Can add user", "content_type": 4, "codename": "add_user"}}, {"model": "auth.permission", "pk": 14, "fields": {"name": "Can change user", "content_type": 4, "codename": "change_user"}}, {"model": "auth.permission", "pk": 15, "fields": {"name": "Can delete user", "content_type": 4, "codename": "delete_user"}}, {"model": "auth.permission", "pk": 16, "fields": {"name": "Can view user", "content_type": 4, "codename": "view_user"}}, {"model": "auth.permission", "pk": 17, "fields": {"name": "Can add content type", "content_type": 5, "codename": "add_contenttype"}}, {"model": "auth.permission", "pk": 18, "fields": {"name": "Can change content type", "content_type": 5, "codename": "change_contenttype"}}, {"model": "auth.permission", "pk": 19, "fields": {"name": "Can delete content type", "content_type": 5, "codename": "delete_contenttype"}}, {"model": "auth.permission", "pk": 20, "fields": {"name": "Can view content type", "content_type": 5, "codename": "view_contenttype"}}, {"model": "auth.permission", "pk": 21, "fields": {"name": "Can add session", "content_type": 6, "codename": "add_session"}}, {"model": "auth.permission", "pk": 22, "fields": {"name": "Can change session", "content_type": 6, "codename": "change_session"}}, {"model": "auth.permission", "pk": 23, "fields": {"name": "Can delete session", "content_type": 6, "codename": "delete_session"}}, {"model": "auth.permission", "pk": 24, "fields": {"name": "Can view session", "content_type": 6, "codename": "view_session"}}, {"model": "auth.permission", "pk": 25, "fields": {"name": "Can add profile", "content_type": 7, "codename": "add_profile"}}, {"model": "auth.permission", "pk": 26, "fields": {"name": "Can change profile", "content_type": 7, "codename": "change_profile"}}, {"model": "auth.permission", "pk": 27, "fields": {"name": "Can delete profile", "content_type": 7, "codename": "delete_profile"}}, {"model": "auth.permission", "pk": 28, "fields": {"name": "Can view profile", "content_type": 7, "codename": "view_profile"}}, {"model": "auth.permission", "pk": 29, "fields": {"name": "Can add question", "content_type": 8, "codename": "add_question"}}, {"model": "auth.permission", "pk": 30, "fields": {"name": "Can change question", "content_type": 8, "codename": "change_question"}}, {"model": "auth.permission", "pk": 31, "fields": {"name": "Can delete question", "content_type": 8, "codename": "delete_question"}}, {"model": "auth.permission", "pk": 32, "fields": {"name": "Can view question", "content_type": 8, "codename": "view_question"}}, {"model": "auth.permission", "pk": 33, "fields": {"name": "Can add question paper", "content_type": 9, "codename": "add_questionpaper"}}, {"model": "auth.permission", "pk": 34, "fields": {"name": "Can change question paper", "content_type": 9, "codename": "change_questionpaper"}}, {"model": "auth.permission", "pk": 35, "fields": {"name": "Can delete question paper", "content_type": 9, "codename": "delete_questionpaper"}}, {"model": "auth.permission", "pk": 36, "fields": {"name": "Can view question paper", "content_type": 9, "codename": "view_questionpaper"}}, {"model": "auth.permission", "pk": 37, "fields": {"name": "Can add candidate status", "content_type": 10, "codename": "add_candidatestatus"}}, {"model": "auth.permission", "pk": 38, "fields": {"name": "Can change candidate status", "content_type": 10, "codename": "change_candidatestatus"}}, {"model": "auth.permission", "pk": 39, "fields": {"name": "Can delete candidate status", "content_type": 10, "codename": "delete_candidatestatus"}}, {"model": "auth.permission", "pk": 40, "fields": {"name": "Can view candidate status", "content_type": 10, "codename": "view_candidatestatus"}}, {"model": "auth.user", "pk": 1, "fields": {"password": "pbkdf2_sha256$120000$4uafL8rW99Lg$SwYAflPDkMkyhrir/VBAqhv0sEuzilbz7QSuxbTwLtk=", "last_login": "2019-05-20T08:31:15.807Z", "is_superuser": true, "username": "manish.fartyal", "first_name": "Manish", "last_name": "Fartyal", "email": "manish.fartyal@nitorinfotech.com", "is_staff": true, "is_active": true, "date_joined": "2019-03-06T03:46:06Z", "groups": [], "user_permissions": []}}, {"model": "auth.user", "pk": 50, "fields": {"password": "pbkdf2_sha256$120000$nuYRU4ngSAAw$NDos3bz1kSyc8SvopACbGOMlIvAFBsCcqCkeI7ZaP3Y=", "last_login": "2019-03-27T05:18:32.313Z", "is_superuser": false, "username": "rishabhpant@gmail.com", "first_name": "Rishabh", "last_name": "Pant", "email": "rishabhpant@gmail.com", "is_staff": false, "is_active": true, "date_joined": "2019-03-27T04:51:52.618Z", "groups": [], "user_permissions": []}}, {"model": "auth.user", "pk": 51, "fields": {"password": "pbkdf2_sha256$120000$JPQaXItm8lfa$J8IikJuKZJqI+cF5nS7zG1jkknOeAijMri3XxiOmhCA=", "last_login": "2019-05-20T08:31:26.987Z", "is_superuser": false, "username": "virat.kohli@gmail.com", "first_name": "Virat", "last_name": "Kohli", "email": "virat.kohli@gmail.com", "is_staff": false, "is_active": true, "date_joined": "2019-03-27T10:54:14.024Z", "groups": [], "user_permissions": []}}, {"model": "auth.user", "pk": 52, "fields": {"password": "pbkdf2_sha256$120000$lrk3dHWgJXRJ$73zVqcqG+hHNarwNqDplD7PQd5121oqtEdzpoWUsG5E=", "last_login": "2019-05-07T09:07:39.214Z", "is_superuser": false, "username": "shikhardhawan@gmail.com", "first_name": "Shikhar", "last_name": "Dhawan", "email": "shikhardhawan@gmail.com", "is_staff": false, "is_active": true, "date_joined": "2019-04-19T06:32:56.690Z", "groups": [], "user_permissions": []}}, {"model": "auth.user", "pk": 53, "fields": {"password": "pbkdf2_sha256$120000$jiKfWAJwooTd$RY3lhqF7at/Azugj3UatYr05mgO2hOxvMjIFH5gaodA=", "last_login": "2019-04-30T05:51:01.688Z", "is_superuser": false, "username": "prashantmali@nitorinfotech.com", "first_name": "Prashant", "last_name": "Mali", "email": "prashantmali@nitorinfotech.com", "is_staff": false, "is_active": true, "date_joined": "2019-04-25T07:07:30.232Z", "groups": [], "user_permissions": []}}, {"model": "auth.user", "pk": 54, "fields": {"password": "pbkdf2_sha256$120000$2YrdWDwQQNuU$U+Oi6f7o24+ltwIcBe/uvNMVG/KRB+88PEDTiSDxaUI=", "last_login": null, "is_superuser": false, "username": "gauravjoshi@gmail.com", "first_name": "Gaurav", "last_name": "Joshi", "email": "gauravjoshi@gmail.com", "is_staff": false, "is_active": true, "date_joined": "2019-04-30T11:12:10.049Z", "groups": [], "user_permissions": []}}, {"model": "auth.user", "pk": 55, "fields": {"password": "pbkdf2_sha256$120000$Wtwfkz9NMOtW$hdbJCdanYmnUPVh+xOgfawOwOCl22rkNZUg+bbH7Wsk=", "last_login": null, "is_superuser": false, "username": "rahul@gmail.com", "first_name": "Rahul", "last_name": "Rai", "email": "rahul@gmail.com", "is_staff": false, "is_active": true, "date_joined": "2019-05-07T10:53:03.900Z", "groups": [], "user_permissions": []}}, {"model": "auth.user", "pk": 56, "fields": {"password": "pbkdf2_sha256$120000$wkrOk8pxE72B$W/QhTPp+kf/vaxFgrjExH0eSw+BBl4onm1p6+qpRpqY=", "last_login": null, "is_superuser": false, "username": "avinashkumar@gmail.com", "first_name": "Avinash", "last_name": "Kumar", "email": "avinashkumar@gmail.com", "is_staff": false, "is_active": true, "date_joined": "2019-05-08T09:56:08.466Z", "groups": [], "user_permissions": []}}, {"model": "auth.user", "pk": 57, "fields": {"password": "pbkdf2_sha256$120000$uq7VPbQa7vjh$UyynZFnouHoUUtnt5tCNdolhzcKRW41I8f3UFtsA7vg=", "last_login": "2019-05-08T12:51:38.879Z", "is_superuser": true, "username": "prashant@gmail.com", "first_name": "", "last_name": "", "email": "prashant@gmail.com", "is_staff": true, "is_active": true, "date_joined": "2019-05-08T12:44:44.334Z", "groups": [], "user_permissions": []}}, {"model": "auth.user", "pk": 58, "fields": {"password": "pbkdf2_sha256$120000$fFdcsphqjVq6$bNaCS5qpXMc+nXK5yW+xPOmm3Q7NoqbmWeSXUbuaPQU=", "last_login": null, "is_superuser": false, "username": "raviroy@gmail.com", "first_name": "Ravi", "last_name": "Roy", "email": "raviroy@gmail.com", "is_staff": false, "is_active": true, "date_joined": "2019-05-14T12:26:20.140Z", "groups": [], "user_permissions": []}}, {"model": "auth.user", "pk": 59, "fields": {"password": "pbkdf2_sha256$120000$kM3JukRFYKWi$Xo9rNgIwiF6RdCUK3/sUrcXYO79eeQ4twfa0alH8Wng=", "last_login": null, "is_superuser": false, "username": "hkj@gmail.com", "first_name": "cbgcyh", "last_name": "n", "email": "hkj@gmail.com", "is_staff": false, "is_active": true, "date_joined": "2019-05-17T07:14:30.449Z", "groups": [], "user_permissions": []}}, {"model": "auth.user", "pk": 60, "fields": {"password": "pbkdf2_sha256$120000$s5NufGPBUuV1$wokoQiTyv2jQSoSeaxZzIB63b5kaFjDuR8cKZO3TQf8=", "last_login": null, "is_superuser": false, "username": "jai@gmail.com", "first_name": "Jai", "last_name": "Bhatia", "email": "jai@gmail.com", "is_staff": false, "is_active": true, "date_joined": "2019-05-20T05:51:47.317Z", "groups": [], "user_permissions": []}}, {"model": "nitortest.profile", "pk": 32, "fields": {"user": 32, "userid": "manish.fartyal@nitorinfotech.com", "skills": "Python", "education": "Mca", "role": 1, "experience": 11, "contact": 9980765677, "department": "IT"}}, {"model": "nitortest.profile", "pk": 45, "fields": {"user": 50, "userid": "rishabhpant@gmail.com", "skills": "cpp", "education": "bca", "role": 2, "experience": 9, "contact": 9098327899, "department": "cs"}}, {"model": "nitortest.profile", "pk": 46, "fields": {"user": 51, "userid": "virat.kohli@gmail.com", "skills": "cpp", "education": "mca", "role": 2, "experience": 10, "contact": 9088462812, "department": "it"}}, {"model": "nitortest.profile", "pk": 47, "fields": {"user": 52, "userid": "shikhardhawan@gmail.com", "skills": "cpp", "education": "bca", "role": 2, "experience": 10, "contact": 9099234512, "department": "cs"}}, {"model": "nitortest.profile", "pk": 48, "fields": {"user": 53, "userid": "prashantmali@nitorinfotech.com", "skills": "python", "education": "mca", "role": 2, "experience": 10, "contact": 9088559403, "department": "cs"}}, {"model": "nitortest.profile", "pk": 49, "fields": {"user": 54, "userid": "gauravjoshi@gmail.com", "skills": "python", "education": "bca", "role": 2, "experience": 10, "contact": 9988332134, "department": "management"}}, {"model": "nitortest.profile", "pk": 50, "fields": {"user": 55, "userid": "rahul@gmail.com", "skills": "python", "education": "mca", "role": 2, "experience": 4, "contact": 9908374859, "department": "cs"}}, {"model": "nitortest.profile", "pk": 51, "fields": {"user": 56, "userid": "avinashkumar@gmail.com", "skills": "python", "education": "mca", "role": 2, "experience": 4, "contact": 8909837491, "department": "cs"}}, {"model": "nitortest.profile", "pk": 52, "fields": {"user": 58, "userid": "raviroy@gmail.com", "skills": "javascript", "education": "msc", "role": 2, "experience": 10, "contact": 9907878939, "department": "management"}}, {"model": "nitortest.profile", "pk": 53, "fields": {"user": 60, "userid": "jai@gmail.com", "skills": "python", "education": "mcs", "role": 2, "experience": 2, "contact": 898938429, "department": "hr"}}, {"model": "admin.logentry", "pk": 1, "fields": {"action_time": "2019-03-06T04:01:52.971Z", "user": 1, "content_type": 7, "object_id": "1", "object_repr": "Profile object (1)", "action_flag": 1, "change_message": "[{\"added\": {}}]"}}, {"model": "admin.logentry", "pk": 2, "fields": {"action_time": "2019-03-06T04:02:48.048Z", "user": 1, "content_type": 7, "object_id": "1", "object_repr": "Profile object (1)", "action_flag": 2, "change_message": "[{\"changed\": {\"fields\": [\"Fname\", \"Lname\", \"userid\", \"email\"]}}]"}}, {"model": "admin.logentry", "pk": 3, "fields": {"action_time": "2019-03-06T04:03:20.413Z", "user": 1, "content_type": 7, "object_id": "1", "object_repr": "Profile object (1)", "action_flag": 2, "change_message": "[]"}}, {"model": "admin.logentry", "pk": 4, "fields": {"action_time": "2019-03-06T04:15:14.840Z", "user": 1, "content_type": 7, "object_id": "1", "object_repr": "Profile object (1)", "action_flag": 2, "change_message": "[{\"changed\": {\"fields\": [\"Fname\", \"Lname\", \"userid\"]}}]"}}, {"model": "admin.logentry", "pk": 5, "fields": {"action_time": "2019-03-06T04:15:26.217Z", "user": 1, "content_type": 7, "object_id": "1", "object_repr": "Profile object (1)", "action_flag": 2, "change_message": "[{\"changed\": {\"fields\": [\"email\"]}}]"}}, {"model": "admin.logentry", "pk": 6, "fields": {"action_time": "2019-03-07T06:00:37.395Z", "user": 1, "content_type": 7, "object_id": "2", "object_repr": "Profile object (2)", "action_flag": 1, "change_message": "[{\"added\": {}}]"}}, {"model": "admin.logentry", "pk": 7, "fields": {"action_time": "2019-03-07T06:05:21.208Z", "user": 1, "content_type": 4, "object_id": "1", "object_repr": "manish.fartyal", "action_flag": 2, "change_message": "[{\"changed\": {\"fields\": [\"first_name\", \"last_name\"]}}]"}}, {"model": "admin.logentry", "pk": 8, "fields": {"action_time": "2019-03-07T06:05:23.219Z", "user": 1, "content_type": 7, "object_id": "2", "object_repr": "Profile object (2)", "action_flag": 2, "change_message": "[]"}}, {"model": "admin.logentry", "pk": 9, "fields": {"action_time": "2019-03-07T06:06:03.641Z", "user": 1, "content_type": 4, "object_id": "1", "object_repr": "manish.fartyal", "action_flag": 2, "change_message": "[{\"changed\": {\"fields\": [\"password\"]}}]"}}, {"model": "admin.logentry", "pk": 10, "fields": {"action_time": "2019-03-07T06:06:10.505Z", "user": 1, "content_type": 4, "object_id": "1", "object_repr": "manish.fartyal", "action_flag": 2, "change_message": "[]"}}, {"model": "admin.logentry", "pk": 11, "fields": {"action_time": "2019-03-07T06:25:08.650Z", "user": 1, "content_type": 4, "object_id": "1", "object_repr": "manish.fartyal", "action_flag": 2, "change_message": "[{\"changed\": {\"fields\": [\"password\"]}}]"}}, {"model": "admin.logentry", "pk": 12, "fields": {"action_time": "2019-03-07T06:25:16.615Z", "user": 1, "content_type": 4, "object_id": "1", "object_repr": "manish.fartyal", "action_flag": 2, "change_message": "[]"}}, {"model": "admin.logentry", "pk": 13, "fields": {"action_time": "2019-03-07T06:25:36.858Z", "user": 1, "content_type": 4, "object_id": "1", "object_repr": "manish.fartyal", "action_flag": 2, "change_message": "[]"}}, {"model": "admin.logentry", "pk": 14, "fields": {"action_time": "2019-03-07T06:28:04.150Z", "user": 1, "content_type": 4, "object_id": "1", "object_repr": "manish.fartyal", "action_flag": 2, "change_message": "[{\"changed\": {\"fields\": [\"password\"]}}]"}}, {"model": "admin.logentry", "pk": 15, "fields": {"action_time": "2019-03-07T06:28:07.510Z", "user": 1, "content_type": 4, "object_id": "1", "object_repr": "manish.fartyal", "action_flag": 2, "change_message": "[]"}}, {"model": "admin.logentry", "pk": 16, "fields": {"action_time": "2019-03-07T07:01:41.802Z", "user": 1, "content_type": 7, "object_id": "2", "object_repr": "Profile object (2)", "action_flag": 2, "change_message": "[{\"changed\": {\"fields\": [\"userid\"]}}]"}}, {"model": "admin.logentry", "pk": 17, "fields": {"action_time": "2019-03-08T08:54:54.285Z", "user": 1, "content_type": 7, "object_id": "15", "object_repr": "Profile object (15)", "action_flag": 1, "change_message": "[{\"added\": {}}]"}}, {"model": "admin.logentry", "pk": 18, "fields": {"action_time": "2019-03-08T09:23:16.359Z", "user": 1, "content_type": 4, "object_id": "1", "object_repr": "manish.fartyal", "action_flag": 2, "change_message": "[]"}}, {"model": "admin.logentry", "pk": 19, "fields": {"action_time": "2019-03-22T04:05:40.740Z", "user": 1, "content_type": 4, "object_id": "32", "object_repr": "manish.fartyal12", "action_flag": 1, "change_message": "[{\"added\": {}}]"}}, {"model": "admin.logentry", "pk": 20, "fields": {"action_time": "2019-03-22T04:06:58.240Z", "user": 1, "content_type": 7, "object_id": "32", "object_repr": "Profile object (32)", "action_flag": 1, "change_message": "[{\"added\": {}}]"}}]